username,role
larsks,maintainer
tzumainn,maintainer
mhrivnak,member
AlonaKaplan,maintainer
jhernand,member
oourfali,maintainer
skanthed,member
adriengentil,member
tssala23,member
computate,member
schwesig,member
trewest,member
maorfr,member
mlorenzofr,member
DanNiESh,member
karmab,member
eliorerz,member
romfreiman,member
schmaustech,member
tzvatot,member
avishayt,member
eranco74,maintainer
akshaynadkarni,member
zszabo-rh,member
javipolo,member
openshift-ci-robot,member
openshift-merge-robot,member
CrystalChun,member
danmanor,member
omer-vishlitzky,member
obochan-rh,member
amej,member
sk-ilya,member
DakCrowder,member
SiddarthR56,member
wgordon17,member
ori-amizur,member
achuzhoy,member
ybettan,member
carbonin,member
gamli75,member
eurijon,member
rccrdpccl,member
rporres,member
giladravid16,member
osac-dev-bot,member
ElayAharoni,member
tchughesiv,member
ygalblum,member
liatb-rh,member
